249,182,200,186,186,0.75,-10.43,-0.98,a
250,183,201,187,186,0.82,-10.40,-0.78,a
250,182,200,187,186,0.75,-10.47,-0.82,a
249,183,201,187,186,0.78,-10.43,-0.78,a
249,183,199,187,186,0.82,-10.43,-0.90,a
250,184,201,188,187,0.75,-10.47,-0.78,a
250,184,203,188,186,0.75,-10.43,-0.86,a
250,185,203,190,187,0.71,-10.47,-0.78,a
249,186,208,193,187,0.82,-10.43,-0.82,a
249,192,218,203,189,0.63,-10.51,-0.78,a
250,228,257,1023,201,0.31,-10.47,-0.86,a
251,267,289,1023,225,0.27,-10.55,-0.90,a
254,318,317,1023,267,0.00,-10.59,-0.47,a
263,347,332,1023,301,-0.04,-10.79,-0.08,a
267,348,327,1023,307,-0.86,-10.51,0.43,a
273,345,326,1023,306,-0.94,-10.51,0.00,a
273,347,323,1022,304,-1.14,-10.47,0.24,a
276,346,322,1023,305,-1.10,-10.55,0.35,a
279,342,321,1023,295,-1.02,-10.55,0.51,a
263,309,314,1023,285,-1.14,-10.63,0.24,a
254,226,269,1023,205,0.04,-10.83,-0.63,a
252,193,212,195,183,0.24,-10.40,-0.98,a
252,184,198,186,182,1.02,-10.59,-0.51,a
253,192,215,1023,188,0.59,-10.20,-1.61,a
253,191,215,1023,187,0.63,-10.24,-1.73,a
252,191,214,1023,187,0.55,-10.20,-1.65,a
253,192,215,1023,188,0.63,-10.24,-1.69,a
252,192,215,1023,188,0.59,-10.24,-1.65,a
252,191,215,1023,187,0.63,-10.24,-1.57,a
252,191,214,1023,187,0.59,-10.28,-1.49,a
252,192,216,1023,187,0.71,-10.28,-1.57,a
252,191,215,1023,187,0.24,-10.16,-1.77,a
253,191,214,1023,187,0.55,-10.28,-1.53,a
251,191,214,1023,186,0.35,-10.20,-1.33,a
253,191,214,1023,188,-0.24,-10.24,-1.77,a
253,187,211,243,187,-0.08,-10.20,-1.73,a
252,185,204,192,186,0.16,-10.28,-1.41,a
253,185,203,189,185,0.16,-10.47,-0.90,a
254,184,203,190,185,0.20,-10.43,-1.26,a
253,202,229,1023,195,-0.63,-10.59,-0.94,a
259,290,299,1023,247,-0.90,-10.28,-0.78,a
272,332,322,1023,299,-2.20,-9.96,0.24,a
275,344,329,1023,306,-2.35,-10.36,0.51,a
277,344,327,1020,310,-2.28,-10.20,0.55,a
279,340,325,1023,305,-2.31,-10.28,0.67,a
239,184,199,187,182,0.12,-10.40,-1.06,a
241,183,201,182,184,0.67,-10.55,-0.63,a
242,183,202,190,184,0.43,-10.55,-0.51,a
244,183,203,186,182,0.78,-10.59,-0.75,a
243,181,200,191,183,0.86,-10.43,-0.86,a
242,183,203,190,184,0.59,-10.51,-0.75,a
245,185,200,187,185,0.47,-10.51,-0.78,a
244,182,202,185,184,0.82,-10.36,-0.90,a
242,193,206,1022,185,0.55,-10.47,-0.98,a
246,248,258,1023,197,0.47,-10.59,-0.59,a
250,282,294,1023,220,0.31,-10.32,-0.47,a
250,318,318,1023,266,-0.27,-10.32,-0.63,a
262,327,330,1023,296,-0.47,-10.59,0.20,a
274,344,342,1023,304,-0.90,-10.40,-0.08,a
290,348,328,1023,301,-1.45,-10.63,0.27,a
293,356,324,1023,298,-1.49,-10.55,0.16,a
286,355,322,1023,295,-1.57,-10.36,0.12,a
282,347,321,1023,295,-1.73,-10.40,0.20,a
280,354,326,1023,295,-1.57,-10.47,0.24,a
280,351,318,1019,293,-1.53,-10.47,0.08,a
285,351,318,1023,295,-1.61,-10.28,0.24,a
280,339,316,1023,277,-1.45,-10.43,0.55,a
269,310,312,1023,252,-1.49,-10.32,-0.16,a
232,189,209,202,198,-0.75,-10.51,0.24,a
226,193,211,203,200,-0.86,-10.47,0.20,a
231,187,211,198,198,-0.90,-10.43,0.31,a
226,183,209,200,195,-0.86,-10.47,0.16,a
226,188,213,207,199,-0.82,-10.47,0.20,a
220,198,224,221,212,-0.90,-10.51,0.35,a
225,250,275,289,254,-1.14,-10.43,0.24,a
225,323,343,358,295,-1.37,-10.20,0.16,a
232,359,363,400,336,-2.28,-9.81,-0.59,a
229,374,382,432,394,-2.79,-10.43,-0.94,a
224,381,377,426,395,-2.43,-10.08,-0.59,a
226,379,367,422,380,-2.59,-9.96,-0.47,a
221,374,383,425,365,-2.79,-9.89,-0.43,a
231,373,373,416,372,-2.55,-10.00,-0.67,a
222,374,378,417,363,-2.67,-10.04,-0.31,a
226,351,359,399,342,-2.47,-10.16,0.00,a
227,311,327,338,285,-2.55,-10.04,-0.27,a
224,219,254,242,212,-1.49,-10.71,-0.24,a
225,187,214,202,197,-1.06,-10.51,-0.24,a
228,188,199,189,191,-0.94,-10.51,0.00,a
229,188,212,203,201,-1.45,-10.40,0.31,a
227,188,212,202,199,-1.49,-10.32,0.16,a
226,191,218,209,202,-1.53,-10.40,0.31,a
227,209,236,231,208,-2.43,-10.04,0.31,a
226,260,287,300,248,-2.24,-10.12,0.35,a
230,325,350,378,291,-2.43,-10.36,0.04,a
227,367,377,432,351,-3.06,-10.87,-0.12,a
224,379,381,435,371,-3.26,-9.89,0.08,a
223,383,382,460,369,-3.53,-9.65,0.12,a
222,383,379,424,362,-3.73,-9.73,-0.35,a
221,382,377,419,360,-3.65,-9.73,-0.04,a
221,378,376,429,359,-3.57,-9.73,-0.24,a
222,378,374,430,352,-3.53,-9.73,-0.31,a
221,369,372,482,351,-3.53,-9.77,-0.27,a
223,352,357,391,324,-3.49,-9.92,0.08,a
222,306,326,346,265,-3.06,-10.04,0.08,a
227,226,256,253,214,-2.31,-9.96,-0.20,a
227,187,206,199,193,-1.37,-10.36,-0.47,a
226,184,197,188,196,-1.14,-10.40,-0.71,a
246,183,201,186,181,0.43,-10.43,-1.02,b
245,184,202,186,181,0.39,-10.40,-1.18,b
246,184,202,186,181,0.71,-10.36,-1.41,b
247,184,202,186,181,0.63,-10.40,-0.90,b
247,184,203,186,182,0.63,-10.43,-0.86,b
246,184,203,187,182,0.71,-10.43,-0.82,b
246,184,202,187,181,0.67,-10.40,-0.82,b
248,183,202,1023,182,0.71,-10.40,-0.86,b
283,184,203,1023,183,0.59,-10.43,-0.71,b
306,184,202,1023,184,0.39,-10.43,-0.47,b
305,182,201,1023,184,0.12,-10.43,-0.82,b
302,182,199,1023,182,0.16,-10.51,-0.75,b
304,181,198,1023,180,0.27,-10.55,-0.98,b
302,182,199,1023,180,0.43,-10.43,-0.67,b
301,182,199,1023,180,0.24,-10.47,-0.82,b
299,182,198,1023,179,0.31,-10.43,-0.78,b
298,181,199,1023,179,0.24,-10.47,-0.90,b
280,181,198,1023,179,0.31,-10.51,-0.59,b
264,183,201,1023,179,0.31,-10.55,-0.51,b
249,178,206,188,181,0.82,-10.79,-0.16,b
251,181,197,190,179,0.55,-10.71,-0.24,b
251,184,198,186,180,0.63,-10.71,-0.43,b
249,184,206,187,178,0.47,-10.67,-0.27,b
251,183,201,189,178,0.71,-10.59,-0.43,b
251,186,204,186,182,0.47,-10.20,-1.06,b
265,183,205,190,179,0.43,-10.55,-0.27,b
305,184,205,218,180,0.75,-10.47,-0.82,b
323,182,203,1023,179,0.86,-10.47,-0.75,b
350,184,206,1021,182,0.67,-10.83,-0.04,b
363,185,206,1023,177,0.59,-10.40,-0.47,b
374,184,208,1023,182,0.75,-10.67,-0.08,b
374,187,200,1020,181,0.86,-10.63,0.08,b
376,186,203,1023,179,0.55,-10.63,-0.08,b
370,183,213,1023,179,0.55,-10.63,0.04,b
365,182,205,1019,182,0.75,-10.51,-0.27,b
356,184,200,1020,180,0.27,-10.51,-0.24,b
332,186,203,1023,179,0.63,-10.51,-0.12,b
288,184,205,1023,174,0.59,-10.59,-0.59,b
253,183,201,188,184,1.65,-10.28,-1.26,b
254,183,202,189,184,1.73,-10.24,-1.37,b
253,182,200,187,183,1.57,-10.16,-1.45,b
251,181,198,185,182,1.45,-10.16,-1.73,b
252,182,201,244,182,1.26,-10.24,-1.65,b
256,181,199,185,182,1.37,-10.24,-1.53,b
270,181,200,184,182,1.29,-10.20,-1.49,b
294,182,201,1023,182,1.49,-10.28,-1.49,b
307,183,200,1023,184,1.45,-10.28,-1.45,b
319,183,200,1023,185,1.49,-10.16,-1.29,b
331,183,200,1023,185,1.22,-10.16,-1.45,b
355,183,201,1023,185,0.90,-10.12,-2.04,b
366,183,201,1023,185,1.14,-10.16,-2.04,b
356,182,200,1023,184,0.98,-10.16,-1.88,b
356,183,201,1023,184,1.29,-10.12,-1.84,b
342,184,202,1023,183,1.33,-10.24,-0.78,b
299,184,201,1023,184,1.22,-10.63,-0.98,b
253,185,201,1023,183,1.84,-10.24,-1.18,b
243,185,201,1023,183,2.28,-10.36,-0.39,b
229,184,194,194,193,-1.88,-10.43,-0.43,b
223,176,200,193,191,-1.37,-10.20,-0.59,b
234,184,204,194,185,-1.14,-10.32,-0.27,b
228,182,203,197,197,-1.29,-10.32,-0.27,b
229,182,201,193,194,-1.29,-10.40,-0.20,b
230,183,204,193,198,-1.14,-10.40,-0.59,b
250,181,202,194,194,-1.29,-10.20,-1.06,b
281,183,206,191,192,-1.18,-10.28,-0.98,b
289,179,211,196,194,-1.26,-10.16,-1.57,b
310,186,206,195,190,-1.14,-10.12,-1.57,b
304,182,207,200,192,-1.02,-10.08,-1.49,b
296,181,203,196,199,-1.10,-10.16,-1.41,b
298,181,202,197,195,-1.26,-10.08,-1.73,b
291,183,204,196,196,-1.10,-10.16,-1.26,b
268,177,204,197,198,-0.78,-10.20,-1.26,b
239,186,202,194,194,-1.06,-10.32,-0.55,b
226,180,206,192,199,-1.57,-10.32,-0.39,b
228,184,203,190,196,-1.73,-10.36,0.00,b
226,175,203,195,197,-1.61,-10.28,-0.24,b
230,183,207,198,196,-1.61,-10.36,0.08,b
228,182,207,197,194,-1.53,-10.32,-0.27,b
229,184,209,199,195,-1.49,-10.28,-0.24,b
229,184,208,197,194,-1.53,-10.36,-0.20,b
229,183,208,199,195,-1.49,-10.36,-0.08,b
228,184,208,200,195,-1.45,-10.36,-0.08,b
229,183,208,199,195,-1.41,-10.36,-0.24,b
228,182,207,199,196,-1.49,-10.40,-0.12,b
240,183,208,200,195,-1.33,-10.40,-0.55,b
268,183,209,200,196,-1.88,-10.16,-0.86,b
298,183,209,200,197,-1.22,-10.04,-1.22,b
308,181,208,200,195,-1.61,-10.16,-1.41,b
314,181,208,207,195,-1.49,-10.12,-1.41,b
316,182,209,195,194,-1.45,-10.08,-1.53,b
318,181,208,197,195,-1.49,-10.12,-1.29,b
319,181,209,197,196,-1.37,-10.08,-1.26,b
314,181,208,196,195,-1.45,-10.12,-1.26,b
313,180,208,196,196,-1.41,-10.08,-1.26,b
310,182,208,195,194,-1.33,-10.08,-1.26,b
283,181,208,196,195,-1.29,-10.24,-1.02,b
254,184,209,197,196,-1.65,-10.28,-0.59,b
235,186,209,196,195,-1.73,-10.20,-0.08,b
228,183,207,196,196,-1.65,-10.32,-0.16,b
226,183,208,196,197,-1.61,-10.32,0.00,b
225,182,207,196,196,-1.73,-10.28,0.00,b
227,185,208,195,195,-1.77,-10.36,-0.04,b
228,188,203,197,195,-1.65,-10.40,0.12,b
224,192,208,194,195,-1.69,-10.32,-0.12,b
233,182,204,191,182,1.26,-10.08,-1.96,c
234,184,196,185,180,1.26,-10.04,-2.47,c
233,183,193,186,180,1.22,-10.00,-2.35,c
235,184,209,187,182,1.18,-9.96,-2.39,c
233,185,209,182,182,1.14,-10.12,-2.08,c
232,184,203,187,181,1.26,-9.96,-2.31,c
235,184,197,186,179,1.29,-10.04,-2.16,c
238,185,198,187,186,1.41,-10.08,-2.00,c
234,188,209,193,184,1.22,-10.04,-2.35,c
237,203,233,1023,186,1.41,-9.81,-2.82,c
257,217,250,1021,198,1.88,-9.38,-3.49,c
254,219,258,1023,201,1.96,-9.10,-3.88,c
268,259,300,1023,212,2.51,-8.71,-4.20,c
278,294,315,1020,220,2.75,-8.67,-4.24,c
276,296,310,1023,216,3.26,-8.12,-4.94,c
275,294,302,1023,218,2.82,-8.04,-5.02,c
269,292,302,1023,218,3.18,-8.16,-4.51,c
274,290,311,1016,215,3.10,-7.92,-5.22,c
265,282,308,1023,207,3.14,-7.96,-4.98,c
252,247,290,1023,199,2.94,-8.71,-4.79,c
253,197,242,1023,195,2.79,-9.30,-3.57,c
243,187,211,1023,188,2.24,-9.73,-2.67,c
230,184,201,188,175,2.04,-9.96,-2.16,c
234,188,204,189,180,-0.86,-10.08,-2.24,c
234,189,205,190,180,-0.75,-10.28,-2.43,c
216,190,207,190,178,-1.18,-9.85,-2.08,c
249,191,207,192,180,-0.59,-10.08,-1.92,c
214,191,208,193,179,-0.55,-10.08,-1.77,c
237,189,209,194,180,-0.59,-10.20,-1.77,c
230,191,210,194,179,-0.43,-10.28,-1.61,c
250,192,211,195,180,-0.16,-10.24,-1.53,c
248,214,239,225,185,0.16,-10.24,-1.88,c
281,223,252,254,193,0.82,-10.00,-2.55,c
273,237,264,275,198,2.08,-9.53,-3.18,c
295,258,272,287,203,2.67,-9.18,-3.49,c
285,276,290,311,208,2.90,-8.87,-4.04,c
273,293,305,1023,219,3.61,-8.59,-4.00,c
292,296,311,1023,230,3.37,-8.71,-4.12,c
325,299,312,1022,232,3.65,-8.51,-4.35,c
299,294,310,1023,230,3.41,-8.67,-4.00,c
297,295,308,1021,228,3.30,-8.63,-4.12,c
299,291,307,1023,225,3.53,-8.59,-3.84,c
242,275,292,1023,215,3.26,-8.83,-3.77,c
258,219,258,1022,200,2.75,-9.10,-3.84,c
195,190,217,1023,185,1.88,-9.49,-3.26,c
239,193,228,227,182,1.22,-10.12,-1.49,c
240,191,213,207,181,-0.31,-10.24,-1.80,c
236,193,214,200,182,1.10,-10.12,-1.88,c
232,190,205,190,181,0.12,-10.16,-1.57,c
228,188,204,190,182,0.86,-10.36,-1.02,c
224,189,206,193,182,0.43,-10.47,-1.02,c
210,190,207,192,179,0.78,-10.47,-1.22,c
247,188,210,195,181,0.78,-10.28,-1.49,c
256,190,209,195,181,0.71,-10.36,-1.69,c
240,189,207,193,181,0.71,-10.36,-1.37,c
231,191,208,194,180,1.18,-10.28,-1.77,c
236,190,214,197,182,0.98,-10.24,-1.37,c
242,196,228,213,182,1.22,-10.16,-1.80,c
254,206,234,229,189,1.10,-10.20,-2.08,c
254,221,252,264,196,2.04,-9.89,-2.39,c
287,232,261,1023,203,2.82,-9.34,-3.26,c
279,266,288,1023,214,3.22,-9.18,-3.45,c
278,296,308,1023,223,3.37,-8.83,-4.04,c
297,313,319,1023,230,3.80,-8.39,-4.28,c
284,306,316,1023,225,4.12,-8.16,-4.35,c
282,301,314,1023,222,3.80,-8.20,-4.39,c
271,293,311,1023,220,3.80,-8.20,-4.43,c
291,287,305,1023,221,3.80,-8.32,-4.16,c
269,283,302,1023,225,3.57,-8.75,-3.88,c
228,180,208,199,196,-0.63,-10.55,0.67,c
216,185,211,199,198,-0.51,-10.55,1.06,c
220,187,209,203,190,-1.33,-10.40,0.47,c
227,185,210,199,197,-0.82,-10.55,0.43,c
225,184,211,203,198,-0.78,-10.51,0.27,c
222,185,211,198,196,-0.55,-10.47,0.12,c
228,201,220,219,198,-0.67,-10.47,-0.16,c
239,215,253,258,210,-0.47,-10.47,-0.94,c
246,240,287,295,220,-0.20,-10.16,-2.04,c
254,273,307,309,227,0.12,-9.57,-2.79,c
255,285,309,314,224,0.47,-8.90,-3.96,c
253,303,316,325,237,0.82,-8.90,-4.24,c
269,300,330,329,234,0.78,-8.79,-4.39,c
273,334,321,328,233,0.67,-8.71,-4.39,c
274,299,324,326,230,0.78,-8.83,-4.28,c
253,313,324,324,234,0.78,-8.79,-4.35,c
269,313,323,324,231,0.71,-8.79,-4.47,c
258,304,316,316,232,0.63,-8.67,-4.35,c
246,302,306,302,229,-0.71,-9.77,-3.33,c
239,261,273,261,217,-0.16,-9.92,-2.31,c
228,205,238,219,200,-0.08,-10.08,-1.61,c
224,189,212,201,192,-0.59,-10.24,-1.10,c
228,183,212,203,193,-0.20,-10.59,1.37,c
227,184,211,202,193,-0.08,-10.59,1.26,c
226,184,212,203,193,-0.16,-10.59,1.41,c
227,184,213,202,192,-0.16,-10.59,1.26,c
228,184,212,203,194,-0.04,-10.59,1.37,c
229,184,211,203,195,-0.24,-10.59,1.14,c
228,185,211,203,194,-0.20,-10.55,1.22,c
227,184,215,203,193,-0.47,-10.59,1.14,c
231,204,241,235,206,-0.39,-10.79,0.00,c
239,232,279,285,221,-0.75,-10.32,-0.86,c
241,264,298,307,222,-0.04,-9.96,-2.24,c
241,278,304,308,219,0.31,-9.61,-3.06,c
253,301,311,317,221,0.39,-9.06,-3.92,c
260,309,326,339,235,1.49,-8.63,-4.31,c
260,307,321,331,231,1.73,-8.43,-4.79,c
262,313,321,327,229,1.53,-8.43,-4.71,c
265,317,322,326,229,1.77,-8.51,-4.63,c
261,310,322,325,228,1.73,-8.39,-4.67,c
260,300,315,317,227,1.45,-8.47,-4.75,c
258,297,315,318,227,1.41,-8.63,-4.51,c
252,294,311,313,227,1.45,-8.90,-4.00,c
248,257,286,286,223,0.86,-9.26,-3.33,c
238,205,244,231,205,0.43,-10.04,-1.88,c
233,193,213,203,197,0.24,-10.55,-0.63,c
245,181,198,183,180,0.71,-10.32,-1.53,d
243,184,198,183,180,1.02,-10.32,-1.41,d
241,186,200,184,181,0.67,-10.20,-1.57,d
234,185,204,212,181,0.63,-10.16,-1.65,d
246,185,209,197,182,0.71,-10.36,-1.57,d
241,185,209,197,184,0.75,-10.32,-1.49,d
255,185,212,200,182,0.75,-10.36,-1.57,d
228,185,216,203,183,0.82,-10.20,-1.65,d
233,186,231,250,187,0.82,-10.20,-1.69,d
260,185,288,1023,215,1.18,-10.24,-1.69,d
244,186,317,1023,259,1.29,-10.08,-1.92,d
268,184,334,1023,284,0.94,-10.16,-2.20,d
326,183,337,1023,288,0.98,-10.04,-2.94,d
331,184,337,1023,282,0.90,-10.00,-2.59,d
321,184,336,1023,281,0.86,-9.89,-2.71,d
355,182,335,1023,280,0.90,-9.92,-2.71,d
336,183,334,1023,278,0.94,-9.85,-2.75,d
343,184,333,1023,277,0.94,-9.89,-2.79,d
329,183,330,1022,275,0.86,-9.85,-2.82,d
322,184,330,1023,275,0.98,-9.92,-2.71,d
310,184,324,1023,273,0.98,-9.73,-2.75,d
269,186,213,1023,183,0.98,-10.36,-1.69,d
255,185,213,1023,183,0.67,-10.47,-0.98,d
304,185,211,1023,183,0.67,-10.36,-1.10,d
237,187,213,1023,183,1.14,-10.36,-0.75,d
237,186,214,1023,183,1.14,-10.36,-1.06,d
245,187,216,1023,183,1.22,-10.43,-1.10,d
244,187,218,1023,183,1.10,-10.40,-0.90,d
267,184,219,1023,194,1.18,-10.43,-0.82,d
274,188,244,1022,209,1.29,-10.32,-1.14,d
239,192,288,1023,245,1.29,-10.36,-1.06,d
270,189,324,1023,294,1.45,-10.40,-1.10,d
283,186,347,1023,327,1.22,-10.24,-1.26,d
291,181,348,1023,330,0.59,-10.24,-1.49,d
283,181,346,1023,320,0.35,-10.20,-1.84,d
333,180,344,1023,319,0.24,-10.28,-1.88,d
320,181,341,1023,316,0.43,-10.16,-1.84,d
291,181,341,1023,314,0.47,-10.20,-1.80,d
303,181,339,1023,312,0.43,-10.20,-1.80,d
302,181,336,1023,310,0.39,-10.20,-1.88,d
299,181,335,1023,308,0.63,-10.28,-1.61,d
270,187,319,1023,297,1.26,-10.36,-1.10,d
253,191,222,230,187,1.18,-10.59,-0.08,d
272,190,221,214,187,1.06,-10.55,-0.16,d
291,188,221,212,187,1.06,-10.59,0.00,d
261,190,223,212,187,0.90,-10.59,-0.04,d
243,191,222,213,187,1.06,-10.55,-0.24,d
262,192,233,1023,189,1.10,-10.47,-0.08,d
238,214,286,1023,216,1.10,-10.47,-0.43,d
242,208,320,1023,276,1.06,-10.40,-0.47,d
276,192,341,1023,314,1.10,-10.24,-1.22,d
313,187,345,1023,315,0.98,-10.20,-1.49,d
334,185,341,1023,310,0.63,-10.20,-1.69,d
342,186,340,1023,306,0.71,-10.12,-1.92,d
342,186,338,1023,303,0.67,-10.16,-1.88,d
352,186,336,1023,302,0.78,-10.16,-1.96,d
332,185,334,1023,301,0.82,-10.16,-1.77,d
335,182,329,1023,300,0.82,-10.32,-1.96,d
323,181,327,1023,300,1.10,-10.28,-1.45,d
295,182,303,1023,262,1.02,-10.32,-1.84,d
261,182,228,220,189,1.37,-10.12,-1.84,d
231,184,210,202,196,-0.47,-10.43,0.12,d
230,182,209,202,196,-0.35,-10.47,0.08,d
231,185,211,202,196,-0.43,-10.47,0.04,d
229,183,216,207,195,-0.47,-10.47,0.04,d
230,183,219,210,197,-0.51,-10.51,0.12,d
228,184,235,231,207,-0.63,-10.47,-0.12,d
264,182,318,344,258,-0.67,-10.40,-0.24,d
272,183,350,389,288,-0.71,-10.36,-0.78,d
293,184,373,411,305,-0.71,-10.24,-0.86,d
304,181,384,425,323,-0.75,-10.36,-1.02,d
309,179,379,425,330,-0.75,-10.20,-0.94,d
305,178,370,416,325,-0.51,-10.20,-0.90,d
304,178,370,417,326,-0.63,-10.32,-1.18,d
301,179,372,417,323,-0.59,-10.24,-0.94,d
297,177,367,415,322,-0.63,-10.24,-1.06,d
298,179,365,410,318,-0.59,-10.28,-1.02,d
275,180,356,406,315,-0.75,-10.43,-0.94,d
265,179,287,312,280,-0.63,-10.36,-0.75,d
257,181,231,224,209,-0.55,-10.24,-0.55,d
233,180,202,202,191,-0.31,-10.47,0.04,d
233,182,211,193,194,-0.24,-10.55,0.08,d
237,180,207,198,191,-0.20,-10.63,0.51,d
232,178,206,197,194,-0.16,-10.47,0.12,d
227,183,201,198,192,-0.55,-10.51,0.31,d
232,180,209,200,194,0.00,-10.43,0.08,d
221,182,211,199,191,-0.35,-10.47,0.12,d
233,179,232,224,202,-0.08,-10.43,-0.16,d
240,186,263,271,219,-0.43,-10.47,-0.43,d
263,182,320,354,278,-0.67,-10.24,-0.71,d
293,184,366,416,316,-0.47,-10.32,-1.73,d
294,181,366,414,322,-0.63,-10.40,-1.18,d
293,178,375,411,311,-0.82,-10.16,-1.53,d
306,176,373,416,317,-0.16,-10.67,-1.26,d
288,179,369,416,318,-0.31,-10.12,-1.22,d
292,180,368,408,315,-0.71,-10.00,-1.65,d
302,176,369,401,308,-0.47,-10.43,-1.33,d
296,174,364,400,310,-0.43,-10.36,-1.10,d
292,181,358,400,310,-0.24,-10.08,-0.94,d
290,178,359,394,310,-0.59,-10.08,-1.96,d
258,182,199,185,179,1.84,-10.28,-1.29,e
214,184,202,187,179,1.92,-10.16,-1.26,e
221,184,201,189,180,1.53,-10.16,-1.80,e
223,185,204,189,181,1.80,-10.04,-1.53,e
254,183,202,190,181,1.80,-10.16,-1.41,e
271,181,199,185,180,1.88,-10.16,-1.33,e
257,180,198,185,179,1.88,-10.16,-1.45,e
228,181,199,185,179,1.73,-10.16,-1.45,e
257,196,211,198,181,2.00,-10.20,-1.37,e
288,235,242,239,190,1.84,-10.20,-1.53,e
317,300,303,1023,224,2.00,-10.16,-1.65,e
328,362,334,1023,256,1.96,-10.08,-1.45,e
383,364,340,414,268,2.00,-10.08,-1.73,e
385,368,348,1023,274,2.08,-10.20,-1.69,e
374,368,351,1023,273,2.12,-10.20,-1.57,e
371,363,347,1023,271,2.12,-10.08,-1.61,e
374,360,345,1023,269,2.12,-10.16,-1.57,e
359,354,339,1023,265,2.20,-10.08,-1.49,e
342,335,330,392,256,2.16,-10.08,-1.69,e
313,302,304,360,238,1.96,-10.08,-1.88,e
238,183,202,186,180,2.47,-10.36,-0.55,e
258,193,215,198,182,2.31,-10.28,-0.75,e
251,192,215,198,182,2.35,-10.24,-0.75,e
240,192,215,197,182,2.39,-10.32,-0.67,e
240,194,217,202,182,2.39,-10.32,-0.78,e
267,215,236,1023,194,2.39,-10.28,-0.94,e
281,247,274,1023,215,2.31,-10.32,-1.06,e
303,291,308,1023,247,2.31,-10.16,-1.29,e
342,331,329,1023,272,2.51,-10.12,-1.22,e
353,348,337,1023,279,2.51,-10.04,-1.53,e
365,366,344,1023,282,2.59,-10.08,-1.45,e
368,373,350,1023,289,2.63,-10.08,-1.33,e
367,371,350,1023,287,2.71,-10.08,-1.22,e
352,364,346,1023,284,2.67,-10.08,-1.29,e
344,341,332,1023,273,2.51,-10.12,-1.53,e
310,299,312,1023,228,2.71,-10.04,-1.45,e
297,241,276,1023,200,2.59,-10.04,-1.61,e
280,204,232,1023,187,2.63,-10.08,-1.57,e
265,188,206,189,181,2.59,-10.08,-1.45,e
237,190,213,532,182,0.86,-10.63,-0.35,e
262,189,214,262,181,1.77,-10.63,0.12,e
220,190,215,201,184,1.29,-10.63,-0.08,e
260,190,213,204,185,1.10,-10.55,-0.12,e
265,214,237,1023,192,1.22,-10.47,-0.35,e
318,278,292,1021,224,1.10,-10.40,-0.82,e
305,328,318,1023,259,1.22,-10.40,-1.06,e
380,364,338,1021,288,0.98,-10.43,-0.90,e
365,378,352,1023,297,1.06,-10.40,-1.06,e
356,386,358,1023,303,1.29,-10.32,-0.94,e
372,378,353,1023,302,1.26,-10.40,-0.94,e
345,379,352,1023,299,1.14,-10.36,-0.94,e
363,368,350,1023,297,1.10,-10.36,-0.94,e
346,369,350,1023,297,1.10,-10.43,-0.78,e
331,368,347,1023,293,1.22,-10.47,-0.78,e
289,343,336,1022,275,1.18,-10.51,-1.18,e
283,271,303,1023,219,1.18,-10.20,-1.14,e
280,202,223,1022,184,1.14,-10.32,-1.26,e
292,185,201,210,177,1.33,-10.20,-1.33,e
226,182,203,197,193,-2.20,-10.24,0.43,e
229,183,200,195,196,-1.92,-10.00,0.24,e
229,181,205,198,197,-2.31,-10.28,0.39,e
235,188,202,198,197,-2.04,-10.24,0.20,e
233,184,209,200,200,-2.24,-10.08,0.20,e
234,194,219,204,199,-2.35,-10.28,0.31,e
238,206,236,229,206,-2.16,-10.24,0.04,e
274,241,258,257,211,-2.12,-10.04,-0.04,e
306,279,294,297,223,-2.28,-9.96,-0.16,e
334,344,340,355,260,-2.35,-9.96,-0.82,e
340,370,365,383,296,-2.24,-9.96,-0.63,e
341,374,368,398,317,10.00,-9.96,-1.37,e
341,373,367,406,327,-1.69,-10.04,-1.29,e
346,373,366,406,325,-1.77,-10.12,-1.10,e
342,366,369,402,321,-1.84,-10.04,-1.33,e
337,360,372,407,330,-1.61,-10.00,-1.41,e
336,362,363,402,326,-1.84,-10.04,-1.18,e
335,359,364,400,324,-1.84,-10.04,-1.10,e
326,350,355,390,318,-1.69,-10.08,-1.10,e
309,337,339,370,303,-1.73,-10.08,-0.86,e
229,182,203,196,191,-0.71,-10.47,0.67,e
229,177,205,197,191,-0.67,-10.47,0.59,e
225,181,200,194,190,-0.71,-10.51,0.55,e
230,183,206,199,190,-0.67,-10.59,0.59,e
227,183,203,199,187,-0.59,-10.55,0.59,e
228,183,204,201,193,-0.59,-10.47,0.63,e
236,182,206,195,190,-0.86,-10.51,0.55,e
229,184,203,196,194,-0.82,-10.36,0.39,e
251,180,208,196,189,-0.86,-10.47,0.20,e
298,205,229,217,197,-0.78,-10.67,0.55,e
306,273,301,308,223,-0.98,-10.63,0.39,e
319,325,336,359,261,-0.78,-10.28,-0.71,e
329,363,348,380,293,-0.86,-10.79,0.20,e
343,373,362,385,302,-1.06,-10.32,-0.39,e
350,380,366,398,314,-0.98,-10.55,0.04,e
343,383,372,402,333,-0.71,-10.04,-0.71,e
343,373,374,415,341,-0.94,-10.36,-0.24,e
336,377,371,409,342,-0.86,-10.24,-0.35,e
340,372,361,398,334,-0.51,-10.47,-0.24,e
332,372,372,397,330,-0.67,-10.20,-0.63,e
233,180,200,185,179,2.28,-10.12,-1.49,f
243,179,200,195,179,2.28,-10.24,-1.73,f
242,180,199,245,180,2.39,-10.08,-1.53,f
203,182,202,225,180,0.55,-10.04,-2.47,f
221,182,205,187,180,1.41,-10.00,-2.20,f
206,182,204,185,179,1.14,-10.16,-1.96,f
233,183,205,535,177,1.57,-10.32,-1.49,f
232,183,202,1023,178,1.41,-10.16,-1.53,f
253,183,203,1022,179,1.61,-10.24,-1.26,f
237,183,204,1023,179,1.45,-10.32,-1.26,f
234,184,205,1022,178,1.45,-10.24,-1.22,f
275,232,207,1023,178,1.61,-10.32,-0.98,f
316,319,215,1022,180,1.77,-10.32,-1.06,f
296,353,215,1023,178,1.80,-10.36,-1.10,f
286,367,216,1023,180,2.00,-10.24,-1.26,f
360,367,214,1023,179,2.08,-10.24,-1.37,f
358,367,215,202,180,2.20,-10.16,-1.41,f
339,361,210,195,179,2.16,-10.20,-1.33,f
324,362,209,191,178,2.08,-10.20,-1.33,f
338,357,207,191,179,2.20,-10.20,-1.37,f
353,355,209,190,179,2.12,-10.12,-1.53,f
249,181,197,183,177,1.69,-10.32,-0.94,f
220,183,202,183,177,1.73,-10.32,-0.94,f
229,183,201,184,178,1.65,-10.36,-0.90,f
218,185,201,183,179,1.69,-10.32,-0.90,f
250,182,199,184,178,1.65,-10.36,-0.94,f
235,185,202,184,178,1.73,-10.40,-0.90,f
273,209,202,187,178,1.77,-10.32,-0.78,f
299,276,206,190,183,1.45,-10.47,-0.86,f
253,334,213,1023,180,1.77,-10.24,-1.10,f
314,363,216,1023,180,2.00,-10.32,-1.10,f
350,370,219,1023,181,2.00,-10.40,-1.06,f
339,372,212,1021,183,2.08,-10.20,-1.14,f
367,365,213,194,183,2.16,-10.40,-0.75,f
325,366,214,217,181,2.12,-10.28,-1.10,f
354,360,214,195,179,2.12,-10.28,-1.06,f
325,355,215,193,180,2.08,-10.24,-1.29,f
264,321,216,195,180,2.12,-10.32,-0.98,f
252,224,216,192,180,1.92,-10.24,-1.18,f
246,195,209,193,181,1.92,-10.32,-1.02,f
255,193,219,1021,181,1.73,-10.55,0.35,f
277,191,220,1021,181,1.88,-10.55,0.43,f
249,187,210,257,181,2.47,-10.28,-0.63,f
236,184,202,188,177,2.35,-10.47,-0.51,f
251,178,199,182,176,2.47,-10.36,-0.55,f
234,179,199,181,177,2.43,-10.32,-0.55,f
256,180,196,181,176,2.47,-10.16,-0.71,f
257,179,198,183,175,2.51,-10.28,-0.63,f
220,181,200,182,177,2.39,-10.28,-0.67,f
255,180,200,182,177,2.47,-10.28,-0.63,f
254,181,199,182,175,2.47,-10.24,-0.75,f
270,205,202,183,176,3.02,-10.43,-0.55,f
316,282,214,188,178,2.79,-10.20,-0.78,f
371,345,220,193,179,2.94,-10.08,-0.90,f
341,374,223,259,177,2.98,-10.08,-0.98,f
341,380,224,315,178,3.06,-10.16,-0.82,f
353,378,217,195,179,3.02,-10.04,-0.98,f
348,379,215,193,178,3.10,-10.12,-0.78,f
332,353,218,191,178,2.94,-10.20,-0.63,f
315,282,219,192,178,2.86,-10.16,-0.71,f
240,231,217,193,176,2.79,-10.16,-0.59,f
243,192,200,201,191,-0.35,-10.55,0.20,f
233,188,201,197,187,-0.24,-10.59,0.08,f
232,188,205,195,190,-0.27,-10.51,-0.04,f
234,187,200,192,189,-0.12,-10.47,0.16,f
234,189,202,228,189,-0.20,-10.51,0.20,f
237,189,205,236,189,-0.16,-10.40,0.16,f
232,186,201,209,189,-0.20,-10.55,0.27,f
245,188,203,217,190,-0.08,-10.43,0.08,f
240,200,207,192,185,-0.43,-10.43,-0.35,f
254,298,211,196,188,-0.47,-10.40,-0.39,f
290,342,213,194,188,-0.31,-10.36,-1.18,f
327,362,209,192,186,-0.24,-10.43,-0.90,f
328,363,205,283,187,0.12,-10.28,-1.06,f
327,364,201,229,182,0.04,-10.28,-0.98,f
325,358,199,186,185,0.12,-10.24,-1.06,f
328,364,200,185,184,0.04,-10.28,-1.06,f
322,360,200,189,184,0.08,-10.24,-1.10,f
324,363,201,245,186,0.04,-10.20,-1.06,f
303,341,201,186,184,-0.16,-9.77,-1.02,f
245,207,201,188,185,-0.16,-10.51,-0.67,f
224,182,202,192,190,-0.31,-10.55,0.59,f
226,184,202,193,192,-0.16,-10.55,0.55,f
227,184,202,193,192,-0.24,-10.63,0.43,f
224,183,203,196,191,-0.27,-10.47,0.51,f
227,184,202,194,191,-0.35,-10.51,0.43,f
224,184,204,194,190,-0.35,-10.51,0.39,f
226,189,206,194,189,-0.51,-10.55,0.35,f
230,208,214,202,191,-0.31,-10.36,0.16,f
257,292,217,205,190,-0.43,-10.40,-0.24,f
298,351,214,202,188,-0.24,-10.32,-0.71,f
319,380,208,194,186,-0.39,-10.36,-0.94,f
328,389,205,258,188,-0.04,-10.28,-0.98,f
327,388,204,191,186,-0.04,-10.32,-0.90,f
324,381,203,189,187,0.00,-10.32,-0.78,f
320,376,201,189,187,-0.04,-10.28,-0.90,f
322,378,201,260,186,0.00,-10.40,-0.86,f
323,379,201,187,186,0.08,-10.36,-0.90,f
318,373,201,189,186,-0.12,-10.36,-0.94,f
296,357,203,191,186,0.08,-10.28,-0.82,f
228,179,193,178,176,2.82,-10.12,-1.10,g
219,179,197,179,175,2.75,-10.12,-1.10,g
217,177,196,223,176,2.67,-10.12,-0.98,g
228,180,195,235,176,2.67,-10.08,-1.29,g
233,180,196,180,176,2.71,-10.16,-1.02,g
213,179,196,178,174,2.82,-10.12,-1.26,g
231,179,197,202,174,2.75,-10.08,-1.37,g
213,180,198,205,175,2.82,-10.16,-1.02,g
210,180,197,180,177,2.82,-10.20,-1.06,g
264,180,220,1023,182,2.55,-10.12,-1.06,g
203,182,281,1023,214,2.51,-10.24,-0.75,g
231,180,322,1023,276,1.65,-10.51,-0.67,g
300,180,336,1023,302,0.35,-10.67,-1.33,g
293,180,340,1022,304,-0.35,-10.55,-1.37,g
301,177,347,1023,290,-2.12,-9.57,-2.71,g
310,177,346,1023,284,-2.51,-8.87,-3.69,g
300,178,346,1023,281,-2.94,-7.96,-4.59,g
282,178,344,1023,279,-2.63,-8.08,-4.63,g
296,176,341,1023,278,-2.67,-8.04,-4.94,g
304,178,340,1023,276,-2.71,-8.24,-4.71,g
292,176,336,1023,279,-1.77,-9.69,-3.33,g
254,179,197,180,179,1.77,-10.12,-1.77,g
217,181,199,180,179,1.33,-10.24,-1.80,g
253,180,198,181,181,1.84,-10.20,-1.37,g
240,183,201,1023,183,1.57,-10.16,-1.65,g
212,182,202,186,182,1.37,-10.16,-1.84,g
238,181,203,187,184,1.22,-10.20,-1.77,g
247,181,204,189,183,1.45,-10.20,-1.49,g
241,182,209,192,184,1.49,-10.28,-1.53,g
249,183,224,215,190,1.37,-10.16,-1.57,g
238,185,241,1023,195,1.41,-10.28,-1.45,g
234,186,276,1023,215,1.45,-10.28,-1.02,g
249,186,322,1023,250,0.08,-10.32,-1.49,g
252,184,330,1023,262,-0.67,-10.00,-1.57,g
261,182,333,1023,293,-2.08,-9.89,-2.00,g
269,179,335,1023,291,-2.86,-8.90,-3.65,g
275,178,338,1023,289,-3.45,-8.04,-4.16,g
294,178,341,1022,288,-3.88,-7.53,-4.67,g
290,177,343,1023,288,-4.24,-7.30,-5.06,g
289,177,339,1023,287,-4.08,-7.41,-4.67,g
272,178,340,1023,286,-3.77,-7.65,-4.51,g
276,178,336,1023,283,-2.71,-8.43,-4.04,g
272,180,315,1023,261,-1.69,-9.45,-3.26,g
230,179,196,179,177,2.08,-10.16,-1.69,g
234,179,197,184,178,2.12,-10.12,-1.57,g
229,179,198,226,180,2.28,-10.12,-1.41,g
234,181,202,1023,183,2.75,-10.08,-1.02,g
240,180,201,1023,183,2.75,-10.12,-1.26,g
229,180,202,1023,182,2.86,-10.12,-1.10,g
235,181,202,1023,183,2.75,-10.12,-1.18,g
234,181,203,1023,183,2.63,-10.20,-0.94,g
239,182,211,1023,185,2.28,-10.24,-1.18,g
240,183,221,1023,188,1.96,-10.47,-1.06,g
250,184,245,1023,193,1.53,-10.24,-0.82,g
253,189,291,1023,221,0.12,-10.40,-1.37,g
293,191,324,1023,264,-0.39,-10.24,-1.33,g
300,190,339,1023,271,-1.14,-10.12,-2.00,g
317,190,341,1023,307,-1.57,-9.92,-2.35,g
332,188,340,1023,319,-2.00,-9.49,-3.02,g
323,180,338,1023,318,-2.16,-9.22,-3.37,g
317,179,339,1023,317,-2.28,-9.10,-3.26,g
318,179,339,1023,316,-2.43,-9.02,-3.49,g
320,179,338,1023,314,-2.39,-8.98,-3.61,g
321,178,336,1023,312,-2.16,-9.14,-3.41,g
325,178,332,1023,309,-0.55,-10.00,-2.08,g
306,180,325,1023,313,0.20,-10.12,-1.96,g
262,181,285,1023,315,0.94,-10.20,-1.73,g
244,181,235,370,196,1.77,-10.04,-1.96,g
230,184,226,206,196,-1.33,-10.40,0.35,g
232,184,231,230,203,-1.45,-10.16,0.47,g
239,184,300,317,235,-3.06,-9.96,-0.51,g
252,181,333,385,291,-4.20,-7.77,-1.33,g
253,181,371,415,311,-5.69,-8.67,-1.77,g
258,179,374,423,327,-5.92,-7.26,-2.55,g
253,181,375,415,326,-6.39,-6.35,-3.41,g
246,178,369,422,362,-6.43,-5.73,-3.84,g
260,182,368,406,332,-6.67,-5.49,-3.80,g
260,178,359,414,326,-6.51,-5.37,-4.39,g
262,180,362,411,339,-6.71,-4.67,-4.59,g
258,183,361,405,347,-6.35,-4.82,-4.71,g
264,178,363,406,361,-6.55,-4.79,-4.67,g
257,179,361,405,336,-6.00,-5.73,-4.28,g
254,176,335,381,303,-5.41,-8.59,-2.24,g
260,179,302,320,244,-3.84,-9.57,-1.57,g
240,183,243,226,208,-2.16,-9.81,-1.61,g
231,181,200,192,191,0.39,-10.47,0.90,g
231,182,199,191,189,0.43,-10.40,0.63,g
231,182,201,193,190,0.35,-10.55,0.47,g
232,183,199,191,190,0.43,-10.59,0.43,g
231,181,199,193,192,0.31,-10.51,0.47,g
233,183,200,191,191,0.31,-10.55,0.55,g
233,182,199,191,188,0.31,-10.47,0.55,g
232,182,216,204,192,0.12,-10.51,1.14,g
235,184,274,275,210,-3.10,-10.00,0.75,g
241,180,332,375,272,-3.92,-9.53,-0.75,g
240,180,358,407,313,-5.14,-8.63,-1.53,g
247,179,357,408,349,-6.39,-6.63,-2.90,g
249,177,359,412,382,-6.98,-5.92,-3.14,g
250,177,360,411,347,-7.26,-4.82,-3.73,g
249,178,361,505,331,-7.30,-4.59,-3.77,g
249,178,360,409,339,-7.30,-4.43,-3.96,g
250,179,362,443,334,-7.30,-4.47,-3.88,g
250,178,357,432,330,-7.14,-4.63,-4.04,g
251,178,357,417,334,-7.30,-4.71,-3.92,g
246,177,354,541,335,-7.06,-5.10,-3.45,g
249,179,346,396,330,-6.90,-6.35,-2.79,g
246,180,296,313,255,-5.57,-8.08,-1.73,g
216,183,198,180,179,2.71,-10.12,-1.18,h
251,181,197,180,179,2.86,-10.12,-1.26,h
241,182,199,184,181,3.14,-9.92,-1.02,h
260,183,200,271,182,3.02,-10.04,-1.45,h
237,183,201,186,183,2.79,-10.16,-1.02,h
234,183,202,186,183,2.75,-10.16,-0.86,h
209,183,202,187,184,2.98,-10.04,-0.78,h
243,184,202,188,184,3.30,-10.00,-0.90,h
249,183,205,191,184,2.82,-10.24,-0.59,h
252,183,252,1023,204,2.51,-10.00,-0.04,h
276,182,300,1023,233,0.04,-10.40,-1.06,h
258,182,321,1023,271,-0.78,-10.32,-1.73,h
270,183,300,1023,297,-1.26,-9.61,-2.31,h
275,185,255,1023,310,-2.24,-9.26,-3.49,h
315,181,196,1023,263,-2.59,-8.71,-4.31,h
295,179,195,1023,254,-3.06,-8.32,-4.24,h
291,178,195,1023,253,-2.75,-8.04,-4.75,h
286,178,194,1023,253,-2.94,-7.92,-4.79,h
295,178,194,1023,253,-2.94,-8.00,-4.71,h
259,181,197,179,177,3.18,-10.04,-1.06,h
249,182,197,180,177,3.33,-10.00,-1.06,h
256,182,197,239,177,3.26,-10.00,-1.06,h
252,182,197,230,177,3.33,-10.00,-1.14,h
251,182,197,186,178,3.22,-10.08,-1.06,h
256,182,198,183,179,3.02,-10.08,-1.18,h
257,182,197,181,180,3.26,-10.08,-0.94,h
258,182,197,1023,187,2.20,-10.28,-0.55,h
256,183,198,1023,209,2.04,-10.20,-0.71,h
274,183,206,1023,263,1.10,-10.28,-0.75,h
279,182,223,1023,298,0.59,-10.63,-0.55,h
278,180,218,1023,295,-0.20,-10.63,-0.78,h
308,179,208,1023,282,-1.10,-10.12,-1.53,h
312,181,199,1023,259,-1.37,-9.69,-2.55,h
316,179,197,1023,250,-1.22,-9.65,-3.26,h
313,178,196,1023,249,-1.61,-9.53,-2.94,h
323,178,196,1023,247,-1.92,-9.45,-3.02,h
341,177,196,1023,247,-1.96,-9.06,-4.00,h
307,180,199,1023,246,-2.20,-8.63,-4.35,h
315,176,198,1023,245,-2.20,-8.67,-4.08,h
312,178,199,1023,244,-2.20,-8.51,-4.47,h
305,180,196,1023,245,-2.08,-8.71,-4.16,h
317,179,197,1022,245,-2.04,-8.83,-4.00,h
305,178,201,1023,255,-1.45,-9.22,-3.57,h
236,183,202,226,184,2.43,-10.24,-0.67,h
249,182,200,264,182,2.24,-10.24,-1.37,h
254,182,200,193,182,2.98,-10.16,-1.02,h
225,182,200,189,183,2.79,-10.12,-0.55,h
250,183,203,187,183,2.79,-10.24,-0.55,h
248,182,201,258,182,2.71,-10.20,-0.71,h
244,183,198,281,182,2.79,-10.20,-0.59,h
244,183,201,1022,182,2.51,-10.28,-0.71,h
260,183,201,1022,187,2.24,-10.40,-0.51,h
221,183,203,1021,206,0.98,-10.51,-1.26,h
251,182,223,1020,265,0.59,-10.16,-1.14,h
197,183,245,1023,301,0.00,-10.47,-0.86,h
275,181,231,1023,292,-0.98,-10.24,-1.77,h
302,179,208,1023,261,-1.29,-9.85,-2.59,h
289,178,200,1022,251,-1.96,-9.22,-3.49,h
296,178,198,1022,247,-2.47,-9.06,-3.53,h
305,178,202,1023,245,-2.51,-8.94,-3.84,h
289,177,199,1023,243,-2.51,-9.02,-3.61,h
289,177,198,1023,245,-2.51,-8.90,-3.73,h
291,178,199,1023,243,-2.51,-8.94,-3.57,h
314,179,199,1023,245,-2.35,-9.06,-3.41,h
330,178,197,1023,245,-2.35,-9.06,-3.49,h
325,177,199,1023,245,-2.43,-8.98,-3.45,h
305,179,201,1023,253,-1.92,-9.26,-3.06,h
235,180,199,196,199,-0.67,-10.43,0.24,h
233,182,201,194,197,-0.63,-10.47,0.20,h
230,180,200,195,197,-0.67,-10.47,0.12,h
236,182,206,192,198,-0.51,-10.55,0.31,h
235,182,202,194,197,-0.47,-10.51,0.12,h
239,182,201,202,193,-0.43,-10.47,0.27,h
236,181,200,195,197,-0.55,-10.59,0.24,h
236,183,201,195,197,-0.43,-10.51,0.27,h
235,181,199,195,196,-0.63,-10.43,0.12,h
238,183,202,226,210,-1.92,-9.49,-0.20,h
256,184,203,299,277,-4.04,-9.26,-1.53,h
261,180,202,383,309,-4.43,-9.02,-1.96,h
258,179,201,381,304,-5.57,-7.37,-2.31,h
263,179,199,379,301,-6.47,-6.55,-2.82,h
270,179,199,381,301,-6.63,-5.06,-4.39,h
270,178,199,381,302,-6.71,-5.37,-4.04,h
267,178,199,380,299,-6.83,-5.14,-4.12,h
267,177,198,376,297,-6.75,-5.14,-4.08,h
266,178,198,376,296,-6.63,-5.14,-4.24,h
267,179,199,377,295,-6.59,-5.73,-3.73,h
263,178,199,362,288,-5.88,-7.06,-2.39,h
254,181,200,258,240,-3.49,-9.65,-1.61,h
236,184,200,195,194,-0.43,-10.59,1.18,h
240,182,202,196,201,-0.39,-10.55,1.02,h
238,173,200,196,192,-0.47,-10.59,1.29,h
234,183,205,197,195,-0.39,-10.63,1.41,h
236,178,201,201,196,-0.51,-10.51,0.86,h
237,180,201,195,196,-0.59,-10.71,1.26,h
235,181,204,200,196,-0.47,-10.55,1.06,h
235,178,202,207,197,-0.51,-10.63,1.45,h
236,185,204,216,202,-0.63,-10.55,0.86,h
233,177,200,245,244,-1.65,-10.36,0.75,h
243,181,196,340,289,-2.55,-10.08,-0.08,h
244,180,200,365,301,-4.59,-9.34,-1.10,h
243,183,200,368,303,-5.06,-8.20,-2.59,h
238,179,202,366,303,-6.71,-6.39,-3.57,h
235,180,200,376,342,-5.73,-6.51,-3.96,h
238,181,201,374,328,-6.08,-6.28,-3.92,h
238,182,202,370,328,-6.39,-5.61,-4.28,h
242,185,199,375,329,-6.20,-5.45,-4.35,h
268,178,199,373,308,-6.35,-5.22,-4.71,h
276,180,201,375,300,-6.39,-5.06,-4.79,h
270,175,198,374,304,-6.28,-5.22,-4.55,h
270,178,199,370,301,-6.32,-5.30,-4.51,h
277,179,199,371,308,-6.35,-5.10,-4.75,h
266,178,202,362,300,-6.20,-5.77,-4.20,h
229,179,197,235,174,1.29,-10.40,-1.22,i
221,180,197,183,180,1.33,-10.28,-1.37,i
234,179,197,242,179,1.26,-10.24,-1.22,i
177,182,198,180,182,1.41,-10.24,-1.18,i
270,183,201,180,176,1.49,-10.24,-1.37,i
197,182,198,186,177,1.45,-10.28,-1.37,i
179,182,200,183,180,1.41,-10.24,-1.33,i
204,184,202,1023,177,1.41,-10.36,-1.41,i
252,187,203,1022,178,1.45,-10.24,-1.26,i
281,207,227,1020,179,1.45,-10.28,-1.45,i
234,267,281,1023,174,1.61,-10.24,-1.53,i
303,327,323,1023,181,1.80,-10.20,-1.18,i
345,351,344,1023,177,1.88,-10.28,-0.94,i
305,362,337,1023,181,1.84,-10.36,-0.90,i
391,350,339,1023,178,2.08,-10.28,-1.26,i
323,346,339,1022,176,2.35,-10.16,-1.14,i
311,347,337,1023,179,2.43,-10.16,-1.33,i
437,342,333,1023,178,2.43,-10.16,-1.10,i
331,345,333,1023,175,2.39,-10.16,-1.14,i
356,342,331,1023,176,2.55,-10.20,-0.86,i
346,332,329,1023,176,2.31,-10.16,-1.06,i
244,184,202,1023,176,0.63,-10.40,-1.10,i
249,184,203,189,176,0.94,-10.24,-1.45,i
253,183,200,185,176,1.45,-10.40,-1.49,i
254,181,198,184,175,1.84,-10.20,-1.37,i
236,184,201,1023,175,1.84,-10.24,-1.33,i
248,195,207,1023,175,1.80,-10.24,-1.14,i
263,222,241,1023,175,1.80,-10.20,-1.06,i
285,275,305,1023,176,1.77,-10.40,-1.18,i
316,325,330,1023,176,1.96,-10.20,-1.37,i
337,353,347,1023,178,1.92,-10.16,-1.18,i
345,349,349,1023,178,1.77,-10.12,-0.82,i
392,355,344,1023,178,1.73,-10.32,-1.06,i
381,354,339,1023,177,1.77,-10.28,-1.10,i
369,348,337,1023,177,1.80,-10.32,-1.22,i
351,348,336,1023,176,1.80,-10.28,-1.26,i
372,345,332,1023,177,1.77,-10.36,-1.10,i
385,343,332,1023,177,1.80,-10.32,-1.18,i
324,305,327,1023,177,1.96,-10.20,-1.33,i
289,239,288,344,176,2.00,-10.20,-1.57,i
265,197,228,231,176,2.08,-10.16,-1.69,i
234,186,204,189,174,1.29,-10.40,-0.94,i
204,187,208,188,175,1.14,-10.40,-0.82,i
252,183,202,185,174,1.18,-10.43,-0.82,i
232,181,201,184,173,1.33,-10.40,-0.86,i
236,180,199,184,173,1.22,-10.51,-0.78,i
235,181,200,184,173,1.29,-10.36,-0.94,i
232,182,199,186,174,1.33,-10.40,-0.90,i
240,183,200,186,174,1.33,-10.40,-1.06,i
257,194,210,200,173,1.29,-10.40,-1.10,i
283,241,263,1023,173,1.61,-9.92,-1.10,i
296,309,318,1023,174,1.37,-10.40,-0.94,i
332,357,343,1023,176,1.33,-10.47,-1.18,i
358,363,345,1023,175,1.84,-10.16,-1.88,i
366,370,344,1023,175,1.80,-10.12,-1.69,i
375,363,341,1023,175,1.84,-10.08,-1.69,i
335,360,336,1023,175,1.77,-10.20,-1.69,i
367,354,336,1023,176,1.88,-10.12,-1.57,i
352,355,336,1023,175,1.77,-10.16,-1.61,i
373,348,333,1023,173,1.73,-10.16,-1.69,i
336,337,333,1023,174,1.84,-10.24,-1.49,i
306,262,289,1023,174,1.80,-10.12,-1.73,i
273,203,236,220,174,1.65,-10.28,-1.65,i
237,190,214,212,189,-1.57,-10.40,0.90,i
235,190,209,202,188,-1.57,-10.40,0.94,i
245,183,205,201,187,-1.53,-10.51,0.82,i
236,184,205,199,190,-1.69,-10.40,0.90,i
242,190,211,202,190,-1.37,-10.59,0.98,i
239,185,206,196,191,-1.37,-10.55,1.14,i
241,180,208,194,190,-1.37,-10.40,0.78,i
235,183,204,203,190,-1.73,-10.32,0.59,i
238,190,213,210,189,-1.49,-10.63,1.22,i
238,244,279,301,193,-1.77,-10.24,0.51,i
236,346,375,411,204,-1.65,-10.40,0.47,i
240,413,382,427,199,-1.61,-10.71,0.90,i
238,404,384,586,194,-2.28,-10.32,1.14,i
244,403,386,418,194,-2.35,-10.16,1.29,i
230,387,376,410,189,-2.20,-10.28,0.86,i
237,382,370,406,188,-1.92,-10.24,0.75,i
252,392,374,404,190,-2.00,-10.40,0.90,i
239,388,378,405,190,-2.00,-10.28,0.59,i
240,382,368,393,186,-2.04,-10.32,0.86,i
240,383,363,398,183,-2.24,-10.32,0.86,i
240,376,353,396,183,-2.12,-10.32,0.86,i
242,381,356,394,186,-2.08,-10.40,0.55,i
240,189,223,216,194,-1.22,-10.47,1.26,i
241,189,224,216,196,-1.14,-10.55,1.26,i
241,189,224,217,196,-1.29,-10.51,1.33,i
239,185,205,198,193,-1.06,-10.51,0.94,i
237,186,206,199,194,-0.98,-10.55,1.02,i
238,186,207,202,194,-1.02,-10.47,1.26,i
237,185,209,205,195,-1.02,-10.59,1.10,i
237,187,214,209,195,-1.14,-10.55,1.10,i
236,192,228,228,194,-1.06,-10.67,1.10,i
240,249,301,334,193,-1.22,-10.59,0.94,i
243,362,372,418,197,-1.45,-10.36,1.26,i
237,424,399,444,200,-1.26,-10.43,1.18,i
230,413,390,433,191,-2.98,-10.59,1.10,i
227,404,384,424,185,-2.59,-10.36,1.22,i
228,399,379,420,182,-2.63,-10.24,1.14,i
229,397,377,418,182,-2.63,-10.12,1.26,i
229,396,376,415,181,-2.63,-10.08,1.29,i
227,393,374,414,181,-2.59,-10.16,1.26,i
229,391,372,413,181,-2.59,-10.12,1.37,i
208,186,208,1023,175,3.33,-10.24,0.47,j
244,187,207,1023,178,2.94,-10.28,0.51,j
249,188,210,1023,176,2.71,-10.36,0.20,j
283,191,218,1023,178,2.35,-10.47,-0.12,j
254,195,217,1017,177,2.24,-10.36,-0.08,j
216,196,214,1023,177,2.35,-10.40,-0.04,j
174,197,218,1023,177,2.39,-10.40,-0.16,j
276,202,224,1023,173,2.39,-10.36,0.04,j
294,207,246,1021,176,2.28,-10.47,-0.04,j
284,248,275,1020,177,2.28,-10.51,-0.24,j
216,286,296,1014,180,2.28,-10.40,-0.35,j
262,322,320,1021,185,2.51,-10.20,-0.55,j
386,337,334,1022,181,2.28,-10.32,-0.63,j
344,347,338,1023,182,2.90,-10.12,-0.47,j
332,342,338,1023,180,3.45,-10.36,-0.47,j
331,336,335,1023,181,3.18,-10.12,-0.63,j
334,338,336,1023,180,2.79,-10.32,-0.55,j
335,336,331,1023,180,2.43,-10.59,-1.06,j
324,333,326,1022,179,-0.12,-7.57,-5.49,j
307,330,325,1022,176,-2.24,-5.81,-6.86,j
307,327,325,1023,179,-1.26,-7.85,-5.18,j
313,323,323,1023,180,0.71,-9.41,-3.33,j
315,318,321,1023,180,2.04,-10.32,-0.35,j
313,315,320,1023,180,4.35,-10.59,0.20,j
246,188,210,1023,179,1.61,-10.04,-1.88,j
246,186,211,1023,181,1.41,-10.36,-1.26,j
246,187,211,1023,181,1.37,-10.08,-1.33,j
246,186,206,1022,180,1.45,-10.24,0.20,j
245,187,206,1023,182,2.43,-10.59,1.49,j
243,184,205,1023,180,1.69,-10.43,1.49,j
262,192,210,1023,181,2.24,-10.28,0.12,j
269,201,222,1023,182,2.35,-10.43,0.31,j
264,210,236,1023,182,2.31,-10.51,0.55,j
272,227,252,1023,185,2.12,-10.43,0.82,j
269,260,270,1023,185,2.35,-10.55,0.67,j
269,304,305,1023,187,2.24,-10.40,0.55,j
321,348,333,1023,189,2.31,-10.47,0.59,j
365,357,342,1023,189,2.39,-10.24,0.59,j
358,348,339,1023,186,2.51,-10.32,-0.04,j
382,345,334,1023,185,2.47,-10.28,0.24,j
349,343,328,1023,184,2.86,-10.32,-0.04,j
341,337,329,1022,183,2.35,-10.55,0.04,j
344,343,330,1023,184,0.90,-10.04,-0.82,j
333,329,322,1023,181,-0.24,-6.67,-7.10,j
326,331,319,1023,182,0.00,-6.43,-6.94,j
327,331,319,1023,180,0.35,-8.00,-5.26,j
326,324,320,1023,179,1.45,-9.85,-2.43,j
237,182,201,185,174,2.00,-10.51,0.20,j
235,181,200,187,176,2.00,-10.55,0.08,j
236,183,201,190,175,1.96,-10.51,-0.04,j
236,181,200,187,175,1.88,-10.51,0.08,j
236,184,204,201,175,1.96,-10.55,0.12,j
247,195,211,1022,174,1.96,-10.43,0.39,j
265,236,264,1022,175,2.04,-10.40,-0.43,j
293,310,324,1023,175,1.88,-10.04,-0.67,j
329,346,343,1023,177,2.59,-10.24,-1.37,j
341,345,342,1023,178,2.79,-9.89,-1.41,j
348,347,340,1023,178,3.22,-9.96,-1.69,j
351,347,342,1023,177,3.49,-9.89,-1.61,j
346,341,339,1023,178,3.14,-10.08,-1.45,j
339,342,336,1023,175,1.61,-10.47,-1.37,j
332,337,327,1023,176,1.57,-7.61,-5.65,j
322,337,324,1021,175,0.82,-6.24,-7.06,j
324,333,324,1022,175,2.12,-7.34,-6.04,j
332,325,324,1022,176,2.90,-9.69,-2.59,j
326,321,323,1023,176,2.43,-10.40,0.31,j
327,323,322,1023,174,3.10,-10.20,0.24,j
323,323,322,1023,176,3.18,-10.28,0.08,j
315,316,322,1023,171,2.98,-10.32,-0.12,j
234,184,200,191,195,-1.84,-10.40,0.47,j
233,185,201,192,196,-1.88,-10.32,0.51,j
232,184,202,193,197,-1.84,-10.40,0.63,j
232,186,204,196,196,-2.08,-10.32,0.59,j
234,201,231,232,199,-2.24,-10.24,0.98,j
235,270,306,348,205,-2.59,-10.12,1.10,j
239,399,379,430,205,-2.47,-10.04,0.94,j
247,426,390,443,204,-2.31,-10.32,1.65,j
238,413,381,433,191,-2.59,-10.32,1.02,j
233,407,375,424,183,-2.43,-10.16,1.14,j
234,402,373,420,185,-2.59,-10.24,0.94,j
235,401,371,417,184,-3.22,-10.12,1.29,j
231,401,371,408,182,-4.31,-8.71,0.39,j
231,394,369,406,183,-6.55,-3.84,-5.14,j
231,396,367,403,183,-7.73,-7.30,-1.65,j
233,397,364,399,183,-3.49,-9.65,-0.04,j
233,388,361,389,183,-2.35,-10.75,2.31,j
232,386,360,384,183,-1.45,-10.75,3.33,j
232,387,360,388,182,-2.75,-10.16,1.57,j
229,185,200,194,192,-0.71,-10.59,0.78,j
230,185,202,194,192,-0.67,-10.59,0.86,j
229,184,202,194,192,-0.71,-10.51,0.86,j
229,184,202,196,193,-0.82,-10.55,0.90,j
228,185,204,199,192,-0.82,-10.55,0.86,j
232,212,238,237,195,-1.41,-10.40,0.55,j
237,344,355,378,195,-1.29,-10.51,1.14,j
238,414,399,439,198,-1.88,-9.73,0.78,j
236,410,391,470,188,-2.08,-9.89,0.27,j
234,401,385,426,183,-2.16,-10.28,0.24,j
233,397,385,424,181,-2.75,-10.12,0.00,j
230,398,382,417,180,-5.30,-7.49,-3.92,j
230,393,381,415,180,-6.16,-3.53,-6.12,j
231,391,378,411,179,-3.41,-9.14,-1.26,j
232,388,376,408,180,-1.88,-10.43,1.65,j
232,387,377,408,179,-1.10,-10.40,3.30,j
230,381,370,404,179,-1.22,-10.75,2.39,j
230,381,371,404,179,-1.77,-10.32,2.24,j
231,381,370,402,179,-2.04,-10.24,1.96,j
235,182,204,204,178,0.90,-10.24,-1.57,k
234,182,206,204,177,1.65,-10.32,-0.82,k
236,181,205,238,179,1.22,-10.24,-1.26,k
238,183,211,1023,186,1.45,-10.28,-0.86,k
238,184,203,315,181,1.57,-10.36,-0.90,k
236,182,198,182,177,1.65,-10.36,-0.94,k
237,183,200,1023,177,1.61,-10.40,-0.94,k
237,184,200,186,176,1.61,-10.32,-0.86,k
237,182,199,186,176,1.77,-10.36,-1.02,k
239,180,203,1023,183,1.65,-10.36,-0.82,k
245,181,207,1022,205,1.61,-10.36,-0.82,k
247,183,214,1023,249,1.69,-10.55,-1.06,k
251,181,210,1023,267,1.65,-10.32,-1.18,k
253,177,205,1021,263,1.49,-10.28,-0.82,k
258,180,205,1022,264,1.53,-10.43,-0.67,k
256,182,200,1023,264,1.53,-10.47,-0.90,k
251,180,199,1023,264,1.57,-10.40,-0.94,k
247,177,197,1023,264,1.61,-10.40,-0.82,k
251,180,199,1023,261,1.61,-10.40,-0.94,k
247,180,200,1023,262,1.61,-10.40,-0.86,k
250,181,201,1023,252,1.53,-10.40,-0.98,k
245,178,203,1023,228,1.57,-10.32,-1.06,k
245,180,201,241,186,2.31,-10.40,-0.08,k
247,180,200,239,185,2.39,-10.32,-0.20,k
246,180,201,197,187,2.43,-10.36,-0.31,k
246,182,202,213,186,2.35,-10.32,-0.16,k
244,181,201,215,187,2.39,-10.40,-0.27,k
244,180,201,215,187,2.43,-10.36,-0.16,k
244,179,200,277,186,2.39,-10.36,-0.24,k
247,179,202,204,187,2.35,-10.43,-0.08,k
250,182,205,1023,190,2.31,-10.43,-0.27,k
261,182,221,1023,223,2.31,-10.32,-0.55,k
283,185,254,1023,271,2.12,-10.43,-0.43,k
298,183,271,1023,316,2.39,-10.28,-0.59,k
312,183,267,1023,327,2.43,-10.36,-0.47,k
331,179,219,1023,302,2.31,-10.43,-0.04,k
332,180,202,1023,268,2.39,-10.28,-0.59,k
334,179,197,1023,263,2.59,-10.28,-0.55,k
326,176,197,1023,262,2.39,-10.28,-0.35,k
265,177,197,1023,260,2.51,-10.36,-0.31,k
256,179,199,1023,261,2.39,-10.36,-0.27,k
258,180,198,1023,261,2.35,-10.40,-0.27,k
261,180,199,1023,258,2.47,-10.43,-0.20,k
260,176,197,1023,227,2.28,-10.43,-0.39,k
241,177,214,1022,183,1.02,-10.32,-1.65,k
235,176,210,1021,184,0.94,-10.43,-1.10,k
238,184,210,1023,183,0.94,-10.28,-1.41,k
240,182,204,193,182,0.75,-10.24,-0.75,k
242,180,217,1023,187,0.71,-10.16,-1.26,k
248,179,223,1022,205,0.86,-10.32,-1.41,k
253,180,218,1018,246,0.75,-10.47,-0.98,k
256,183,221,1020,261,1.02,-10.32,-1.33,k
253,180,210,1021,276,0.98,-10.32,-1.33,k
248,180,201,1023,279,0.82,-10.32,-1.29,k
253,178,197,1023,263,0.94,-10.32,-1.10,k
249,177,199,1022,267,0.98,-10.43,-0.86,k
251,180,199,1023,263,1.14,-10.79,-0.63,k
247,172,198,1023,269,1.10,-10.55,-0.43,k
253,183,198,1023,268,1.06,-10.67,-0.31,k
256,180,195,1021,267,1.02,-10.40,-0.35,k
259,179,194,1023,265,1.06,-10.43,-0.71,k
258,178,197,1023,260,1.10,-10.55,-0.43,k
249,181,196,1021,266,1.18,-10.43,-0.51,k
234,181,201,1021,232,1.06,-10.59,-0.63,k
235,182,201,194,191,-1.45,-10.51,0.98,k
233,182,202,196,192,-1.45,-10.51,0.90,k
233,181,201,195,192,-1.41,-10.43,0.98,k
233,181,202,195,193,-1.45,-10.43,0.98,k
235,182,201,199,194,-1.37,-10.51,0.86,k
234,181,202,217,205,-1.45,-10.40,0.78,k
240,180,195,287,263,-1.84,-10.16,0.63,k
250,183,201,398,323,-1.84,-10.28,0.59,k
248,185,206,388,315,-1.84,-10.16,0.43,k
243,180,207,402,310,-2.12,-10.32,0.08,k
234,178,201,408,309,-2.35,-10.12,0.31,k
244,178,202,384,307,-2.00,-10.28,0.00,k
231,182,204,383,299,-2.04,-10.32,0.00,k
226,180,201,374,297,-1.96,-10.24,0.27,k
231,181,201,374,297,-1.92,-10.32,0.35,k
232,181,196,372,295,-2.16,-10.32,0.24,k
232,176,199,343,267,-1.96,-10.16,0.08,k
232,178,195,243,228,-1.88,-10.04,-0.04,k
225,179,200,211,206,-0.82,-11.34,-0.27,k
233,180,198,191,186,-1.37,-10.43,-0.20,k
224,185,204,206,200,-1.37,-10.55,0.55,k
230,183,205,195,195,-0.78,-10.28,-0.35,k
229,185,198,191,195,-0.55,-10.75,0.71,k
224,185,199,191,192,-0.35,-10.63,0.63,k
226,180,197,193,191,-0.67,-10.40,0.35,k
233,183,200,191,193,-0.43,-10.40,0.27,k
229,178,198,196,192,-0.59,-10.75,0.98,k
229,184,197,195,191,-0.47,-10.71,0.98,k
232,181,202,195,193,-0.51,-10.71,0.90,k
224,185,201,197,194,-0.67,-10.63,0.98,k
228,182,199,217,208,-0.71,-10.63,0.82,k
234,184,203,278,256,-1.84,-10.20,0.59,k
237,179,200,327,279,-1.57,-10.59,0.78,k
233,185,200,345,289,-2.28,-8.83,0.55,k
237,183,206,356,299,-2.39,-10.32,0.55,k
233,174,204,349,300,-2.31,-10.16,0.16,k
233,179,205,350,298,-2.20,-10.20,0.00,k
238,182,202,349,298,-2.04,-10.43,-0.04,k
237,181,202,346,292,-2.12,-10.08,-0.27,k
232,174,204,350,295,-2.16,-10.40,0.12,k
238,182,208,375,311,-2.00,-10.08,-0.75,k
233,178,205,372,309,-2.20,-10.28,0.24,k
227,181,216,245,185,0.47,-10.24,-1.49,l
226,182,218,205,184,0.39,-10.24,-1.53,l
226,182,216,202,183,0.43,-10.32,-1.49,l
226,181,225,1023,187,0.31,-10.24,-1.41,l
225,181,224,216,188,0.39,-10.36,-1.18,l
227,182,225,1023,187,0.39,-10.28,-1.49,l
227,183,241,1023,191,0.20,-10.28,-1.53,l
230,183,290,1023,225,0.08,-10.24,-1.33,l
230,181,328,1023,282,-1.26,-9.85,-1.57,l
229,182,343,1023,305,-1.29,-10.04,-1.80,l
221,180,339,1023,307,-1.88,-9.96,-1.65,l
220,181,341,1023,301,-2.04,-9.92,-1.88,l
219,180,336,1023,299,-1.96,-9.96,-1.73,l
218,180,336,1023,297,-1.96,-10.00,-1.65,l
219,178,332,1022,295,-1.88,-10.04,-1.61,l
220,181,332,1023,290,-1.80,-10.04,-1.53,l
220,180,326,1022,288,-1.80,-10.04,-1.61,l
220,181,327,1023,287,-1.88,-10.00,-1.45,l
220,182,283,1023,231,-0.82,-10.20,-1.69,l
230,181,205,1022,182,1.96,-10.36,-0.78,l
230,180,205,1022,183,1.88,-10.32,-0.86,l
229,179,205,1023,184,1.96,-10.36,-0.78,l
227,179,205,1023,185,1.84,-10.28,-0.86,l
229,181,206,1022,182,1.88,-10.36,-0.82,l
228,181,207,1023,185,1.96,-10.32,-0.78,l
229,180,204,1023,184,1.96,-10.32,-0.78,l
229,180,206,1023,183,1.92,-10.32,-0.78,l
229,179,201,1022,179,2.31,-10.28,-0.78,l
229,181,205,1023,180,0.31,-10.40,-1.65,l
234,184,272,1022,224,0.20,-10.40,-1.18,l
232,180,325,1023,288,0.08,-10.36,-1.14,l
227,181,338,1023,309,-0.86,-10.36,-0.90,l
218,178,337,1023,301,-1.10,-10.20,-1.18,l
213,178,342,1023,299,-1.29,-10.08,-1.53,l
213,179,345,1023,297,-1.02,-10.12,-1.73,l
211,179,344,1023,295,-1.10,-10.16,-1.77,l
211,177,339,1023,294,-1.02,-10.16,-1.57,l
212,178,330,1023,284,-1.18,-10.12,-1.61,l
221,180,290,1023,275,-0.04,-10.08,-1.92,l
227,182,212,1022,184,2.59,-10.28,-0.63,l
224,178,214,1023,183,2.47,-10.40,-0.31,l
224,180,215,1023,185,2.28,-10.36,-0.59,l
223,181,217,1023,185,2.35,-10.16,-0.90,l
225,182,214,1022,186,2.24,-10.40,-0.59,l
228,183,220,1023,183,2.28,-10.40,-0.71,l
228,178,240,1021,201,2.47,-10.43,-1.14,l
239,183,290,1023,245,1.37,-10.16,-1.33,l
242,178,335,1023,286,1.06,-10.36,-1.33,l
231,178,347,1022,308,-0.20,-10.08,-1.57,l
225,174,347,1018,310,-1.26,-10.24,-1.14,l
222,180,344,1023,307,-2.31,-10.08,-0.98,l
219,178,348,1022,304,-2.28,-10.12,-1.06,l
216,181,349,1023,303,-2.00,-10.00,-1.26,l
219,177,349,1023,302,-2.00,-10.16,-1.06,l
219,179,342,1023,299,-1.88,-10.16,-1.06,l
223,178,340,1021,292,-2.04,-10.08,-1.18,l
222,179,330,1023,283,-1.29,-10.20,-1.41,l
227,181,297,1023,253,-0.16,-10.08,-1.69,l
226,182,249,1023,201,1.29,-10.24,-1.73,l
224,182,214,1022,190,1.84,-10.28,-1.49,l
220,178,208,1022,185,2.24,-10.16,-1.22,l
223,180,197,186,179,2.16,-10.36,-1.14,m
241,180,196,184,180,2.67,-10.12,-1.57,m
230,180,197,184,180,2.24,-10.08,-1.37,m
238,181,197,185,180,2.24,-10.12,-1.26,m
224,182,198,185,180,2.35,-10.16,-1.41,m
252,180,199,185,180,2.20,-10.08,-1.49,m
225,181,198,185,180,2.35,-10.04,-1.41,m
263,182,200,187,181,2.24,-10.08,-1.41,m
259,182,200,190,181,2.20,-10.20,-1.49,m
292,182,199,193,186,1.96,-10.28,-1.57,m
288,185,203,1023,191,1.92,-10.20,-1.88,m
295,194,240,1023,204,2.04,-10.24,-2.04,m
307,211,249,1023,242,2.08,-9.85,-2.04,m
329,218,245,1023,256,2.04,-10.08,-1.92,m
347,262,278,1023,261,2.20,-10.12,-1.73,m
373,326,313,1023,291,2.24,-10.20,-1.69,m
350,325,313,1023,285,2.35,-10.00,-1.77,m
359,321,309,1023,283,2.51,-9.89,-2.20,m
363,318,308,1022,279,2.43,-9.92,-2.28,m
365,316,306,1023,281,2.51,-9.92,-2.20,m
376,311,304,1023,280,2.47,-9.89,-2.16,m
326,308,304,1023,284,2.51,-9.81,-1.92,m
320,267,289,1023,267,2.51,-9.89,-1.80,m
331,228,273,1023,245,2.39,-9.92,-2.24,m
240,184,203,1023,175,2.28,-10.08,-1.53,m
247,185,202,196,176,2.20,-10.08,-1.69,m
251,184,199,188,175,2.31,-10.08,-1.57,m
247,185,199,184,176,2.20,-10.08,-1.73,m
247,185,199,186,177,2.43,-9.92,-1.73,m
256,185,199,189,182,2.39,-10.04,-1.80,m
265,184,199,190,190,2.43,-9.92,-1.92,m
281,184,201,1023,204,2.47,-9.96,-2.08,m
300,214,239,1023,216,2.43,-9.96,-2.12,m
320,240,270,1023,235,2.35,-9.96,-2.12,m
331,279,300,1023,263,2.51,-9.96,-2.16,m
345,327,326,1023,285,2.35,-10.04,-2.08,m
364,335,331,1023,306,2.47,-9.89,-2.35,m
374,324,326,1023,317,2.47,-9.89,-2.35,m
378,314,321,1023,325,2.59,-9.81,-2.31,m
363,311,317,1023,322,2.55,-9.89,-2.47,m
360,307,304,1023,284,2.67,-9.73,-2.47,m
351,308,304,1023,286,2.51,-9.77,-2.43,m
346,309,304,1023,287,2.59,-9.81,-2.43,m
332,310,305,1023,286,2.51,-9.85,-2.43,m
343,307,304,1023,285,2.59,-9.81,-2.47,m
345,288,302,1023,278,2.51,-9.81,-2.39,m
